{"regression_metrics": {"mse": {"value": 4.868807195586715, "standard_deviation": 2.204898278682266}}}